{
	"class_name" : "PinholeCameraParameters",
	"extrinsic" : 
	[
		0.77377073026000442,
		0.2147477398423355,
		-0.59595491878623519,
		0.0,
		-0.0078546329827527406,
		-0.93745990369031307,
		-0.34800464610929449,
		0.0,
		-0.63341705197571518,
		0.27395681631519531,
		-0.7236922695875897,
		0.0,
		0.36735354519632657,
		-0.32376224669119702,
		1.5137132980907841,
		1.0
	],
	"intrinsic" : 
	{
		"height" : 1017,
		"intrinsic_matrix" : 
		[
			880.74783564877418,
			0.0,
			0.0,
			0.0,
			880.74783564877418,
			0.0,
			959.5,
			508.0,
			1.0
		],
		"width" : 1920
	},
	"version_major" : 1,
	"version_minor" : 0
}