{
	"class_name" : "PinholeCameraParameters",
	"extrinsic" : 
	[
		-0.97344242634105327,
		0.019628138694900342,
		-0.22808897117269183,
		0.0,
		0.22892484685794778,
		0.075604007701944823,
		-0.97050370865364011,
		0.0,
		-0.0018047410640999392,
		-0.99694471772048532,
		-0.078089517343325449,
		0.0,
		0.40130178751579526,
		0.58578548834068922,
		4.4018009464977679,
		1.0
	],
	"intrinsic" : 
	{
		"height" : 1061,
		"intrinsic_matrix" : 
		[
			918.85295341528945,
			0.0,
			0.0,
			0.0,
			918.85295341528945,
			0.0,
			959.5,
			530.0,
			1.0
		],
		"width" : 1920
	},
	"version_major" : 1,
	"version_minor" : 0
}