{
	"class_name" : "PinholeCameraParameters",
	"extrinsic" : 
	[
		0.99567719048173986,
		0.092879731732162213,
		0.00053645852671956517,
		0.0,
		0.091682292964659448,
		-0.9818827374516661,
		-0.16583319043896208,
		0.0,
		-0.014875802873514671,
		0.16516550889269921,
		-0.98615367218354166,
		0.0,
		-0.10494907820890458,
		-0.091768009212217574,
		1.0669560912586493,
		1.0
	],
	"intrinsic" : 
	{
		"height" : 1061,
		"intrinsic_matrix" : 
		[
			918.85295341528945,
			0.0,
			0.0,
			0.0,
			918.85295341528945,
			0.0,
			959.5,
			530.0,
			1.0
		],
		"width" : 1920
	},
	"version_major" : 1,
	"version_minor" : 0
}